Package Name,Category
com.vyou.vcameraclient,
com.shopify.arrive,Shopping
com.samsung.accessory,Communication
cslappdeveloper.lanterna,Tools
com.keego.fonts.keyboard.stickers.theme,
com.futureplay.mergematch,Puzzle
com.mixcloud.player,Music & Audio
com.compass.compass,House & Home
com.dcjnmed.jifqq,Casual
com.stationdm.bluelink,Productivity
com.readygo.barrel.gp,Strategy
com.mintgames.findout,Puzzle
com.netradyne.IDMS,Business
com.playstack.balatro.android,Card
com.splendapps.torch,Tools
pro.cashtree,Entertainment
com.myuvo.link,Productivity
com.buzzfeed.tasty,Food & Drink
com.weward,Health & Fitness
com.samscript.ghhelperpro,
com.netmarble.sololv,Action
com.wsandroid.suite,Tools
com.peoplefun.wordsolitaire,Word
com.deepsafebr.browser.me,
app.whoo,Social
com.getjobber.jobber,Business
org.telegram.plus,Communication
radios.de.nicaragua.gratis,Music & Audio
paint.by.number.pixel.art.coloring.drawing.puzzle,Board
com.oticon.app,Medical
com.tripledot.blockbash,Puzzle
com.coolniks.niksgps,Maps & Navigation
com.hitappsgames.connectwords,Word
com.everywear.game5,Puzzle
com.h8games.littlefarmstory,Role Playing
com.kroger.mobile,Shopping
com.fambase.venus,Lifestyle
com.samsung.android.privacydashboard,
com.blueapron.blueapron.release,Food & Drink
com.mobilityware.solitaire,Card
com.mergegame.merge,Casual
com.winlator,
com.redcell.goldandgoblins,Simulation
com.gdkj.android.weather,
com.ballytechnologies.quickhitslots,Casino
com.supercell.hayday,Casual
com.scopely.startrek,Strategy
com.playvalve.solitaire,Card
com.embeepay.mpm,Lifestyle
com.shoot.emoticon.arrow.puzzle.game.fsaw,Casual
com.junkfiles.cleaner.dotada,Tools
it.navionics.singleAppMarineLakesHD,Maps & Navigation
com.groundcloud.android,Maps & Navigation
com.samsung.android.waterplugin,Tools
com.gunforge.zombiehunter,Casual
com.sms.text.messages,Communication
com.buddy.manager.file.clean,Tools
com.enflick.android.tn2ndLine,Communication
com.playrix.fishdomdd.gplay,Puzzle
com.com2us.ninepb3d.normal.freefull.google.global.android.common,Sports
com.crypt.gram.puzz,Word
com.kick.mobile,Entertainment
com.stonekick.tempo,Music & Audio
com.musicplayer.mp3.audio.mymusic.player,
panda.keyboard.emoji.theme,
com.online.huntingsniper,Casual
com.mobile.legends,Action
com.google.android.apps.photosgo,Photography
com.myfitnesspal.android,Health & Fitness
com.easybrain.block.puzzle.games,Puzzle
com.droid27.senseflipclockweather,Weather
com.onepeloton.callisto,Health & Fitness
com.dexcom.g7,Health & Fitness
com.playdemic.golf.android,Sports
com.miHoYo.GenshinImpact,Adventure
com.antivirus,Tools
com.tplink.iot,Lifestyle
com.utorrent.client,Video Players & Editors
com.dramawave.app,Entertainment
com.kabam.marvelbattle,Action
com.master.hotelmaster,Arcade
video.downloader.videodownloader,Video Players & Editors
tr.com.apps.drill.and.collect,Simulation
com.playrix.homescapes,Casual
com.gofo.courier.android,Tools
com.wizards.mtga,Card
com.aiqidii.mercury,
com.barkinglabs.fi,Health & Fitness
com.playrix.gardenscapes,Casual
com.proxima.dfm,Action
com.five_f.logistics,Travel & Local
com.otrperformance.simplcan,Auto & Vehicles
com.dts.freefiremax,Action
com.mail.inbox.allemailaccess,Communication
com.save.princess.girl.dragon.out.and,Casual
com.hifiction.novel.android,Books & Reference
com.netmarble.nanagb,Role Playing
com.instacart.client.publix,Food & Drink
com.lenovo.anyshare.gps,Tools
com.watergame.ppcd,Puzzle
com.heartrate.bloodpressure.vitalsigns,
com.crazycash.playgames.android,Entertainment
com.windyty.android,Weather
com.vm3.global,Casual
com.trendmicro.tmmspersonal,Tools
com.plarium.mechlegion,Action
com.filejunk.res.detector,Tools
com.playtika.wsop.gp,Card
app.locker.android.app,Tools
com.app360eyes,
com.bleacherreport.android.teamstream,Sports
com.easilydo.mail,Productivity
com.rewardstyle.liketoknowit,Shopping
com.blurams.ipc,Video Players & Editors
com.ddi,Casino
com.sec.android.app.popupcalculator,Tools
com.paxiegames.mergestudio,Puzzle
com.zombie.idleminertycoon,Simulation
com.readygo.dark.gp,Strategy
com.samsung.android.callassistant,
com.tradingview.tradingviewapp,Finance
com.cube.out.jam.puzzle,Puzzle
com.softek.ofxclmobile.communityfinancialfcu,Finance
com.weaver.app.prod,Entertainment
com.pt.wshhp,Entertainment
ec.easy.clean,
com.capigami.outofmilk,Shopping
com.edgesyncs.focusbooster,
cn.soulapp.android,Social
com.gopuff.godrive2.live,Business
com.tile.match.blockpuzzle,Puzzle
com.tiktok.lite.go,Social
com.jazarimusic.voloco,Music & Audio
com.i4season.useeplus,Tools
com.indeed.android.jobsearch,Business
com.paycom.mobile.ess,Tools
com.blizzard.wtcg.hearthstone,Card
com.jmsgame.jackpotmastercasino,Casino
com.usbank.mobilebanking,Finance
call.blaze.show.callblaze,
com.abc.abcnews,News & Magazines
com.doapps.android.mln.MLN_b9e6d9221dcefc50ba23c6bd04ace911,News & Magazines
net.ajcloud.wansviewplus,Lifestyle
com.dreame.reader,Books & Reference
in.playsimple.triple.tile.matchgame.pair.three.puzzle.object.royale,Puzzle
orissa.GroundWidget.LimoPad.appstore,Business
br.com.golmobile.nypost,News & Magazines
com.Seriously.BestFiends,Casual
com.google.android.apps.accessibility.voiceaccess,Tools
com.tap.gallery,Puzzle
com.weather.localradar.localweather,
com.furryapp,Social
com.flyfrontier.android,Travel & Local
com.draftkings.dknativermgGP,Sports
com.propel.ebenefits,Finance
com.bet365SportsNJ.Bet365_ApplicationNJ,Sports
health.clipboard.worker,Business
com.ea.game.simcitymobile_row,Simulation
com.ncptc.safephone.mdm,
com.caesarsdigital.igaming.caesarspalaceonline,Entertainment
com.mobolize.cachefront.preload,
app.hurdlr.com,Finance
com.bandainamcoent.opbrww,Action
com.buzzfeed.android,Entertainment
com.timeero.time_clock,Productivity
com.wondery,Music & Audio
com.pcloud.pcloud,Productivity
com.studio27.MelonPlayground,Simulation
com.microsoft.scmx,Tools
com.GentleManiac.HorizonWalkerErolabs,
com.bluetees,Sports
com.clean.master.btr,
com.sec.unifiedwfc,
tv.willow,Sports
com.reverllc.rever,Maps & Navigation
com.lilithgame.roc.gp,Strategy
com.myyearbook.m,Social
air.com.playtika.slotomania,Casino
com.evertec.athmovil.android,Finance
com.jeyluta.timestampcamerafree,Photography
net.easyconn.carman.wws,Travel & Local
com.yahoo.infohub,News & Magazines
com.verizontelematics.verizonhum,Maps & Navigation
com.imdb.mobile,Entertainment
com.fi7276.godough,Finance
com.ig.bus.out,Puzzle
com.popular.android.mibanco,Finance
com.melon.drop.fruit.merge.master,Puzzle
io.elevenlabs.readerapp,Books & Reference
com.foxsports.android,Sports
com.bandainamcoent.gget_WW,Simulation
com.weedmaps.app.android,Lifestyle
org.kp.m,Health & Fitness
com.messages.textmessages.datas,Communication
and.brainworks.holeemall,Puzzle
com.adobe.lrmobile,Photography
speedometer.gpsspeedometer.gps.odometer.speed,Maps & Navigation
com.woodpuzzle.pin3d,Puzzle
com.descartes.mobilelink,Business
com.rnovel.android.app,Books & Reference
com.applabstudios.ai.mail.homescreen.inbox,Personalization
com.samsung.android.app.routineplus,
com.lovense.wear,Tools
com.vitastudio.solitaire,Card
com.extraspace.aspen,Tools
ru.mail.mailapp,Communication
com.google.android.apps.carrier.carrierwifi,
app.symfonik.music.player,Music & Audio
app.mihon,
com.best.snap.news,News & Magazines
com.rjp.diarypro,Lifestyle
com.dxx.firenow,Adventure
com.epedometer.step,Health & Fitness
com.nvsgames.snap,Strategy
gps.speedometer.digihud.odometer,Maps & Navigation
com.zynga.wizardofoz,Casino
com.jagex.oldscape.android,Adventure
com.dominospizza,Food & Drink
com.gm.chevrolet.nomad.ownership,Lifestyle
gov.panynj.virttaxdispapp,Travel & Local
com.easybrain.jigsaw.puzzles,Puzzle
com.naturalmotion.customstreetracer2,Racing
com.sugar.logger.keep.health.monitor,
com.jurny.driver,Travel & Local
us.newellbrands.dymoletratagconnect,Productivity
net.zedge.android,Personalization
com.ontheclock.otc.otc,Business
com.car.parking.bus.mania.traffic.jam,Puzzle
com.uniarch.mobile.phone,
com.epic.haiku.android,Medical
com.vnrfhfyt.hcndscleanseeker,
com.finallevel.radiobox,Music & Audio
com.sprint.ms.smf.services,
com.grandegames.slots.dafu.casino,Casino
com.bloodapppro904b.com,Tools
com.safeway.client.android.albertsons,Shopping
com.gma.water.sort.puzzle,Puzzle
com.tmobile.kids,
com.google.android.ext.services,
com.proximabeta.nikke,Role Playing
com.oakever.tiletrip,Puzzle
com.espn.bet,Sports
com.ctt.celltrak2,Medical
com.balloon.master.cube.match,Puzzle
com.blackout.spades,Card
com.eet.email.launcher,Communication
com.Project100Pi.themusicplayer,Music & Audio
com.wireless.defenseland,Strategy
com.fugo.wow,Word
com.t4login.t4android,Finance
com.zynga.words,Word
water.sort.puzzle.game.color.sorting.free,Puzzle
com.powerschool.portal,Education
com.weezerlite.and,Music & Audio
com.yahoo.mobile.client.android.weather,Weather
screw.sort.match.jam.puzzle,Casual
proxy.browser.unblock.sites.proxybrowser.unblocksites,Tools
com.hollywoodcasino,Casino
com.mobiletek.mta,Productivity
com.gimica.solitaireverse,Card
com.gamedots.seasideescape,Puzzle
com.evenflo.sensorsafe,Parenting
com.efun.eud3,Role Playing
shix.homeeye.camera,Tools
air.com.buffalo_studios.newflashbingo,Board
com.rovio.baba,Casual
com.bigfishgames.mergetalesgoog,Puzzle
com.wave.carvequest,Adventure
com.nhn.android.search,Books & Reference
com.samsung.android.kmxservice,
com.i4season.supanesok,Tools
com.softek.ofxclmobile.communitychoicecu,Finance
net.wooga.junes_journey_hidden_object_mystery_game,Adventure
com.play.solitairesmash,
solitaire.patience.card.games.klondike.free,Card
com.lbe.parallel.intl,Personalization
com.inspiredsquare.jupiter,Puzzle
games.burny.color.sort.woody.puzzle,Puzzle
com.epal.android,Social
com.samsung.android.service.aircommand,
com.feit.smart,Tools
com.accurate.weather.forecast.live,Weather
com.appmind.radios.ve,Music & Audio
com.videoeditorpro.android,Video Players & Editors
com.kingsgroup.dcdly,Strategy
com.microsoft.xboxone.smartglass,Entertainment
com.xfinity.cloudtvr,Entertainment
com.google.android.apps.translate,Tools
com.camerasideas.instashot,Photography
com.iqiyi.i18n,Entertainment
com.boost.safeandfound,
com.joycastle.mergematch,Casual
com.esri.fieldmaps,Productivity
com.candywriter.bitlife,Simulation
car.jam.traffic.seat.unblock,Puzzle
co.aviagames.mtp.bingobattle.samsung,
com.garmin.android.apps.connectmobile,Health & Fitness
com.h73.jhqyna,Adventure
com.marriott.mrt,Travel & Local
com.sgiggle.production,Social
com.samsung.accessory.paranmgr,Tools
com.wssc.simpleclock,Productivity
sudoku.puzzle.free.game.brain,Puzzle
org.smapps.sort,Puzzle
com.devuni.flashlight,Tools
com.dolby.voice.recorder.audio.recorder,Tools
air.com.freshplanet.games.SongPop2,Music
gps.speedometer.gpsspeedometer.odometer,Maps & Navigation
com.eco.flashlight,Tools
com.mybible.todaypraybible,Books & Reference
com.ballytechnologies.f88,Casino
com.androiddvlpr.androiddvlprkeyboard,Tools
com.subway.mobile.subwayapp03,Food & Drink
coloring.color.number.happy.paint.art.drawing.puzzle,Board
com.orcas.panthia.island.fairyscapes,Casual
com.watch.life,Health & Fitness
com.publix.main,Lifestyle
com.onecwearable.keyboard,Productivity
com.gunslingerzombiewar.shooter,Casual
com.bgg.jump,Casual
com.teslacoilsw.launcher,Personalization
in.crossy.daily_crossword,Word
yoshion.pictures.jigsaw,Personalization
com.mattel163.phase10,Card
com.creditsesame,Finance
global.kidsy.app,Social
com.rockstargames.gtalcs,Adventure
com.gps.speedometer.odometer.speedtracker.pedometer.stepcounter,Maps & Navigation
com.sonic.sonicdrivein,Food & Drink
easy.sudoku.puzzle.solver.free,Puzzle
com.playvalve.spades,Card
com.livehousex.lively,Social
io.supercent.pizzaidle,Simulation
jp.co.goodroid.hyper.hexaaway,Puzzle
com.ea.game.starwarscapital_row,Role Playing
com.active911.app,Productivity
com.chipotle.ordering,Food & Drink
com.LTS.NVMS7000,
com.ecourier.mobile,Business
com.mathbrain.sudoku,Puzzle
com.staplegames.blocksClassicSGGP,Puzzle
com.vizio.vue.launcher,Entertainment
com.wapt.android.weather,
com.mm.android.DMSS,Lifestyle
net.groceryshopping.SproutsFarmersMarket,Shopping
com.runbuddy.prod,Health & Fitness
com.habby.capybara,Role Playing
com.nhn.android.band,Social
com.radio.fmradio,Music & Audio
com.movile.playkids.pkxd,Adventure
com.keep.clean.booster,
com.adp.wiselymobile,Finance
com.samsung.android.app.cocktailbarservice,
com.Beauchamp.Messenger.external,Entertainment
com.univision.prendetv,Entertainment
com.phonegap.dragondrive,Business
com.playvalve.yatzy,Board
com.tencent.android.qqdownloader,
ball.sort.puzzle.color.sorting.bubble.games,Puzzle
com.easy.tracker.klbot,Tools
com.medtronic.crhf.mclh,Medical
com.samsung.android.heartplugin,Tools
com.bd.nproject,Lifestyle
com.vizorapps.klondike,Simulation
com.kbspresence,Productivity
com.king.farmheroessaga,Casual
com.verizon.fios.tv,Entertainment
com.formasystems.fuelbook,Maps & Navigation
com.smallgiantgames.empires,Puzzle
com.vottzapps.wordle,Word
com.bidfta.mobile,Shopping
com.bandlab.audiostretch,Music & Audio
com.Curri.Driver,Business
com.turvo.mobile.driver,Business
org.owntracks.android,Travel & Local
com.google.android.as.oss,Tools
com.justgame.jails,Strategy
com.cargurus.mobileApp,Auto & Vehicles
com.ea.game.pvzfree_row,Strategy
com.playvalve.dominoes,Board
com.brootrash.trybestscore,
com.govee.home,Tools
com.remi.keyboard.keyboardtheme,Personalization
com.workday.workdroidapp,Business
com.papaya.bingocash,
com.mlssoccer,Sports
com.bigcake.android.mahjongmatch,Board
com.jaga.ibraceletplus.jyring,Health & Fitness
io.voodoo.holeio,Arcade
com.samsung.android.game.gamehome,
ac.accp.cleaner,
com.msandroid.mobile,
com.quyin.phomemo,Tools
com.williamsinteractive.jackpotparty,Casino
app.rvx.android.youtube,
com.huffingtonpost.android,News & Magazines
com.amazon.imdb.tv.mobile.app,Entertainment
com.wildlifestudios.merge.slot.gilded.gardens,Puzzle
org.dpkpnvv.kknf,
com.anran.arcloud,Lifestyle
com.clean.fast.launcher,
com.alk.copilot.mapviewer,Maps & Navigation
org.npr.android.news,News & Magazines
com.nbaimd.gametime.nba2011,Sports
org.fortfinancial.banking,Finance
com.alibaba.android.rimet.cattcome,
com.hickeyapp.app.android,Dating
com.funcraft.diceyatzy,Board
com.samsung.android.gearnplugin,Tools
com.android.dreams.phototable,
com.escort.androidui.root,Maps & Navigation
com.kingsgroup.sos,Strategy
com.apalon.myclock,
in.playsimple.wordbingo,Word
com.bungii.driver,Lifestyle
com.tech.gm.pegasusdriver,Productivity
com.kurogame.wutheringwaves.global,Action
com.propx.driverapp,Productivity
com.servicetitan.mobile,Business
wb.mobile.cx.client.droid,Food & Drink
de.motain.iliga,Sports
com.citizens.mobile.national,Finance
com.nexus.cleaner.yuyio,Tools
com.mxtech.videoplayer.pro,
com.contorra.golfpad,Sports
com.tripledot.tile.dynasty,Casual
com.philips.hearlink2,Medical
com.gamesworkshop.blacklibraryaudio,Music & Audio
com.mergeland.alices.wonder.adventure,Puzzle
com.tapcolor.color.coloring.number.paint.free,Board
com.relayrides.android.relayrides,Travel & Local
com.pkg.ir,Business
find.difference.spot.differences.hidden.puzzle.games.free,Puzzle
israelfm.mobile,
com.valueme,Lifestyle
com.softek.ofxclmobile.innovationsfcu,Finance
com.bible.holy.bible.for.women,Books & Reference
com.mm.android.smartlifeiot,Lifestyle
gofasting.fastingtracker.fasting.intermittentfasting,Health & Fitness
com.onewire,News & Magazines
com.LCSAccess.LcMain,Travel & Local
com.basevelocity.radarscope,Weather
com.rapid.short.tv,Entertainment
com.samsung.android.mdx.quickboard,
com.postmates.android,Food & Drink
com.papaya.bubblecash,
com.instabridge.android,Travel & Local
com.riotgames.league.teamfighttactics,Strategy
com.citi.citimobile,Finance
net.peakgames.mobile.spades.android,Card
com.smp.musicspeed,Music & Audio
com.ddup.zombiewaves.zw,Adventure
com.emn8.mobilem8.nativeapp.popeyes,Food & Drink
com.coxauto.logistics.mobile.cd,Auto & Vehicles
com.myisolved.aee.twa,Business
com.goldennugget.casino,Casino
com.instaworkmobile,Business
mobi.drupe.app,Communication
com.samsung.android.liveeffectservice,
com.packagerouteclient,Business
com.beaconsoftco.dadrivermobile,Business
com.gamovation.mahjongclub,Board
com.com2us.smon.normal.freefull.google.kr.android.common,Role Playing
com.chief.mobile,Productivity
com.secure.erase.plote,Tools
de.gmx.mobile.android.mail,Communication
com.loadcomplete.aichainsaw,Arcade
com.knighteld.android,Auto & Vehicles
dji.go.v5,
com.mobilityware.freecell,Card
com.apalon.weatherradar.free,Weather
com.pegasustranstech.transflomobileplus.ctgmobile,Business
com.easyexpense,Business
com.naturalcycles.cordova,Medical
com.expressvpn.vpn,Tools
com.hopskipdrive.driver,Business
com.adidas.app,Shopping
com.easybrain.word.puzzle.game,Word
com.screenshake.dominodreams,Puzzle
com.fatix.fatixpro,Tools
com.connexx.rta,Medical
com.samsung.ecomm,Shopping
com.borgatapoker.casino.wrapper,Casino
com.ebates,Shopping
com.untappdllc.app,Food & Drink
com.flyclops.domino.android,Board
cb.clean.boost,
com.gimica.blockbuster,Puzzle
com.wasteland.heart,Role Playing
com.game.thatsmyseat,Puzzle
com.netshort.abroad,Entertainment
com.HoYoverse.Nap,Role Playing
com.soulcompany.bubbleshooter.relaxing,Casual
com.ai.tool.voicerecorder,
com.vreyogap.browser,Tools
com.samsung.android.sidegesturepad,Tools
com.google.android.apps.adm,Tools
com.microsoft.msapps,Business
com.devexperts.tdmobile.platform.android.thinkorswim,Finance
com.owletcare.sleep,Health & Fitness
com.hilton.android.hhonors,Travel & Local
qc.qqq.cleaner,
co.blocksite,Productivity
org.jw.jwlibrary.mobile,Books & Reference
com.ea.gp.fifamobile,Sports
com.justplay.app,Entertainment
com.mapmywalk.android2,Health & Fitness
com.jbhunt.JBH360Carrier,Business
com.samsung.accessory.atticmgr,Tools
com.quora.android,News & Magazines
com.zuidsoft.looper,Music & Audio
com.harley_davidson.ride_planner,Lifestyle
com.aspiration.app,Finance
zombie.survival.craft.z,Action
com.va.lottery,Entertainment
com.nordvpn.android,Tools
com.ss.android.ugc.trill,Video Players & Editors
com.mob.crowd.arena.wars,Role Playing
com.labelnize.printer,Tools
eu.kanade.tachiyomi,
com.tasktrail.winrewards,Entertainment
com.hugolog.smart,Tools
com.zing.zalo,Communication
com.timOsStudios.flashlightGooglePlay,Tools
com.dispatchit,Business
com.cashwalklabs.cashwalk,Health & Fitness
com.superplaystudios.disneysolitairedreams,Card
com.cleaning.go.pleate,Tools
com.activision.callofduty.warzone,
com.samsung.android.widget.pictureframe,
com.platinumplayer.word.addict,Word
com.tsengvn.pcs,Business
com.researchmeter.android,Productivity
com.and.monstergo.online,Action
com.glympse.android.glympse,Maps & Navigation
com.samsung.accessory.neobeanmgr,Tools
in.sweatco.app,Health & Fitness
com.sec.android.app.music,Music & Audio
com.olleyo.piggy.king.free,Casual
com.goodjobgames.matchvillains,Puzzle
com.cts.ParaScope,Business
com.netease.idv.googleplay,Role Playing
com.hos247.mobile,Maps & Navigation
com.radarx.stormmapping.stormmapping,Weather
com.bamnetworks.mobile.android.ballpark,Sports
com.ilyabogdanovich.geotracker,Travel & Local
com.samsung.android.video,
io.whitesharx.moon,Role Playing
com.bingo.cruise.free.best.top.game,Board
vendor.qti.data.txpwradmin,
com.dollargeneral.android,Shopping
com.samsung.android.tvplus,Entertainment
enterprises.dating.boo,Dating
com.fiogonia.spades,Card
com.opera.gx,Communication
com.workwave.pestpacmobile3,Productivity
com.discoverfinancial.mobile,Finance
com.netmarble.got,Role Playing
com.load_market.mobile,Business
com.biglime.cookingmadness,Arcade
com.devexpert.weather,Weather
com.littlelf.smarthome,Photography
com.ubnt.unifi.protect,Lifestyle
com.radiocolors.russie,Music & Audio
com.abclocal.kabc.news,News & Magazines
com.dat.unified,Business
com.mubview.smartlife,Tools
com.samsung.android.geargplugin,Tools
com.philips.ph.babymonitorplus,Parenting
mobi.firedepartment,Medical
io.voodoo.paper2,Arcade
com.google.android.apps.docs.editors.sheets,Productivity
com.icabbi.driver.app,Business
com.hasbro.riskbigscreen,Board
net.uploss.water_app,Tools
com.unpluq.beta,Productivity
com.farmers.mobile.android,Finance
com.affirm.central,Shopping
pl.nenter.app.flashlightgalaxys5,
com.playstudios.mykonami,Casino
io.jagat.lite,Social
com.samsung.accessory.zenithmgr,Tools
com.junkfiles.killer.pupp,
com.nuvizz.nuVizz,Productivity
com.noctuasoftware.stellarium_free,Education
org.torproject.torbrowser,Communication
com.studiowildcard.arkuse,Adventure
com.mapquest.android.ace,Maps & Navigation
com.sm.SlingGuide.Dish,Entertainment
com.fontskeyboard.fonts,Personalization
com.ibragunduz.applockpro,Productivity
com.amazon.shopperpanel.android.mobile.app,Tools
com.oracle.ofsc,Business
com.water.tracker.remind,Health & Fitness
com.flow.mobile,Entertainment
com.bringg.driver,Business
dk.tactile.lilysgarden,Puzzle
com.weightwatchers.mobile,Health & Fitness
com.bizlog.triplog,Finance
com.innogames.foeandroid,Strategy
com.smiple.phone.cleaner,Tools
com.n3twork.tetris,Puzzle
jp.konami.pesam,Sports
soft.apps.supper.torch.flashlight,
com.fumbgames.minersofbitcoin,Simulation
com.masarat.salati,Lifestyle
com.eclipsim.gpsstatus2,Travel & Local
com.bitsmedia.android.muslimpro,Lifestyle
com.google.android.apps.tycho,Tools
com.universe.messenger,
com.supercell.boombeach,Strategy
com.walktask.app,Health & Fitness
com.ratemeasure.heart,
com.mahalo.androidmobile.advnt,Finance
com.appspot.scruffapp,Social
com.diamondlife.slots.vegas.free,Casino
beetles.puzzle.solitaire,Card
us.nonda.zus,Auto & Vehicles
com.tomtom.gplay.navapp,Maps & Navigation
com.nvidia.geforcenow,Entertainment
com.sonyericsson.digitalclockwidget2,Personalization
com.samsung.knox.securefolder,
com.starmakerinteractive.starmaker,Music & Audio
com.yum.pizzahut,Food & Drink
com.alayacare.careworkerapp,Health & Fitness
app.source.getcontact,Communication
com.itslogistics.loop,Business
pl.nenter.app.flashlight,
com.auxbrain.egginc,Simulation
com.tractive.android.gps,Lifestyle
com.baitu.qingshu,Social
com.sorting.games.match3d.goods.triple.puzzle,Puzzle
com.cleanup.junk.files,
com.numbergames.linked2248.tile.numberpuzzle2048,Puzzle
video.like,Social
com.speedx.drivers,
com.logomaster.logomaker,Art & Design
com.nsdaqy.ssense,
com.cleanup.master.yiote,Tools
com.animax.max,Photography
com.tuya.smartlife,Lifestyle
com.wendys.nutritiontool,Food & Drink
com.mortisapps.gifwidgetpro,Personalization
com.farlightgames.igame.gp,Role Playing
com.grammarly.android.keyboard,Productivity
com.lifesaverapp,Maps & Navigation
com.unicornstudio.cashparty.slots.casino.vegas.free,Casino
sp0n.citizen,News & Magazines
com.michaels.michaelsstores,Lifestyle
com.naver.whale,Communication
com.matryoshka.royal.cooking.kitchen.madness,Arcade
com.qliqsoft.qliq,
com.gm.cadillac.nomad.ownership,Lifestyle
com.prisaradio.replicapp.tropicana,Music & Audio
com.scribd.app.reader0,Books & Reference
com.chucklefish.stardewvalley,Role Playing
fi.reworks.redecor,Simulation
com.nightowl.connect,Business
com.zennioptical.app,Shopping
emisoras.dominicanas.online.radio,Music & Audio
air.ynfo.stickergo,Board
com.yc.gloryfit,Health & Fitness
com.axlehire.drive,Business
com.payrange.payrange,Shopping
jp.ne.ibis.ibispaintx.app,Art & Design
com.proximabeta.mf.uamo,Action
ru.agweb.gr.driver,Maps & Navigation
com.faire.retailer,Shopping
com.rtp2p.jxlcam,Tools
com.wemesh.android,Entertainment
com.sec.android.app.myfiles,Tools
com.scopely.gardenjoy,Simulation
com.crystal.usad,Action
com.funcraft.wordgrams,Word
com.fitnow.loseit,Health & Fitness
com.sgn.pandapop.gp,Puzzle
com.phone.cleaner.forandroid,
com.texas.lottery,Entertainment
slots.pcg.casino.games.free.android,Casino
co.tapcart.app.npQt0DXZpj,Shopping
com.fatmerge.global,Casual
com.fanatee.keep,Trivia
com.cbs.tve,Entertainment
com.europosit.pixelcoloring,Puzzle
com.apexeld.eld,Business
com.moonfrog.ludo.club,Board
com.grint.thegrint.pro,Sports
net.skeddy.app,Auto & Vehicles
com.mgmresorts.mgmresorts,Travel & Local
com.pdf.pro,Tools
com.americasbestpics,Entertainment
com.starform.metalstorm,Action
com.miracleear.mdapp,
com.gimica.sugarmatch,Puzzle
com.igg.android.doomsdaylastsurvivors,Strategy
com.google.android.apps.docs.editors.docs,Productivity
com.zm.crossmath,Puzzle
com.voice.ai.deep.translate,Productivity
com.ikeyboard.theme.neon.love,Personalization
com.tactacam.reveal,Photography
com.qidian.Int.reader,Books & Reference
com.easybrain.backgammon.board.games,Board
com.splice.mobile,Music & Audio
com.childrensplace.tcpmobileapp,Shopping
com.moslay,Lifestyle
com.doordash.courierapp,Business
com.tigertext,Medical
cn.ubia.ubox,Tools
com.heb.myheb,Shopping
com.screw.puzzle.nuts_android,
com.press.matk,
com.lawnlove.pros,Business
com.regasoftware.udisc,Sports
com.cat.defenders.shelling.snake.and,Casual
games.burny.wooden.word.puzzle,Word
com.shaiban.audioplayer.mplayer,Music & Audio
com.axiomatic.flashlight,Tools
com.salesrabbit.android.sales.universal,Business
live.dripshop.app,Shopping
com.countryfinancial.driveriq.drivingapp,Maps & Navigation
com.quadpay.quadpay,Shopping
com.p1.chompsms,Communication
org.findmykids.app,Parenting
com.paybyphone,Auto & Vehicles
com.ups.mobile.android,Business
com.opera.app.news.local,News & Magazines
com.tickpickllc.ceobrien.tickpick,Events
com.instructure.candroid,Education
com.zumobi.msnbc,News & Magazines
com.read.goodnovel,Books & Reference
com.google.android.apps.turbo,
com.creditonebank.mobile,Finance
com.viki.android,Entertainment
com.gimica.treasuremaster,Casual
the.hexcoders.whatsdelete,
com.tour.pgatour,Sports
com.tripledot.spades,Card
com.vkontakte.android,Social
mnn.Android,News & Magazines
com.Trailmix.LoveAndPiesMerge,Puzzle
com.swifttrans.pointe,Business
com.nike.plusgps,Health & Fitness
com.sec.android.app.soundalive,
com.quickly.cleaning.kite,
com.calm.android,Health & Fitness
com.williamhill.us.nj.sports,Sports
com.shotzoom.golfshot2,Sports
games.flexus.trainminer,Simulation
swiftflyers.homeworkout.chair.floor.bed.exercise.forlazy,Health & Fitness
io.playtime,Entertainment
com.nexters.herowars,Role Playing
com.trulia.android,House & Home
com.phone.trash.terminator,
com.uywgpopjsbhdwyhuuw.games,
the.hexcoders.whatsdelete.pro,Communication
io.iopc.cleaner,
com.hitrolab.audioeditor,Music & Audio
com.clockhome.android.clock.alarm,Productivity
com.corestudiso.suzyrest,Role Playing
com.amazon.mShop.android.business.shopping,Shopping
com.qingniu.LoftillaPlus,Health & Fitness
com.substack.app,News & Magazines
com.mkarpenko.worldbox,Simulation
com.mi.calendar.agenda,Tools
com.google.android.cellbroadcastreceiver,
com.solitaire.fish.klondike.card.aquarium,Card
com.uniuni.driver.us,Business
net.itx.paychex,Business
com.pocketchamps.game,Arcade
com.mapmyrun.android2,Health & Fitness
com.tapbit.android,Tools
com.solitairetripeaks.masterdesign,Simulation
net.mtmlink.driver,Maps & Navigation
com.classdojo.android,Education
com.google.android.wearable.app,Communication
com.play.lucky.real.earn.money.free.fun.games.play.reward.income,Entertainment
devian.tubemate.home,
com.fox.weather,Weather
com.aura.news.hashtag.news,News & Magazines
com.lemonadeinc.lemonade,Finance
com.tapastic,Comics
sinet.startup.inDriver,Maps & Navigation
com.autosled,Auto & Vehicles
com.ventismedia.android.mediamonkey,Music & Audio
com.arity.routereport,Auto & Vehicles
com.promaster.autoskyplus,Tools
com.matchington.mansion,Puzzle
com.vrbo.android,Travel & Local
com.fullcircletms.circlemobile,Productivity
com.amazon.kindlefs,
com.jcp,Shopping
com.clearcare.clearcareconnect,Medical
com.schwab.mobile,Finance
com.repsly.android.feed,Business
com.garmin.pnd.eldapp,Auto & Vehicles
com.h5g.high5casino,Casino
com.fiogonia.yatzy,Board
com.paragyte.publicpartnerships,Business
com.WalkTalk.FlightMaster,Action
com.forevergreen.solitaire,Card
com.zm.watersort,Puzzle
com.colt,Books & Reference
com.productmadness.lightninglink,Casino
com.gamemaker5.idlemafia,Simulation
net.aexgroup.aexdrivermobile,Business
com.consumerapp_v1,Shopping
com.leap.hiddentales,Puzzle
com.papegames.lysk.en,Simulation
com.lowes.driversapp.delivered,Business
com.crazylabs.fashion.squad,Casual
com.morkam.speedometer.gps,Maps & Navigation
com.multicastgames.venomSurvive,Arcade
com.signia.rta,Medical
co.bridgemoney.bridge_debit_card,Shopping
com.fblazeig.browser,Tools
com.zynga.livepoker,Card
com.ford.fordpass,Lifestyle
com.formulaone.production,Sports
com.playvalve.mahjong,Board
com.google.android.as,Tools
com.google.android.dialer,Tools
wool.sort.jam.color.painting,Puzzle
com.eset.ems2.gp,Tools
com.panera.bread,Food & Drink
com.varomoney.bank,Finance
com.rhythmnewmedia.tmz,News & Magazines
com.style.fashion.game.suitsme,Simulation
com.rush.sh,Sports
com.game.telepath.master.free.puzzle.gsawx,Casual
com.huckleberry_labs.app,Parenting
com.com2us.legion.android.google.global.normal,Role Playing
com.totalbattle,Strategy
com.ss.android.article.video,
com.moneylion,Finance
net.sharewire.Nycdot,Travel & Local
com.amazon.venezia,
com.freespoke,Tools
com.hellofresh.androidapp,Food & Drink
com.nationwide.sr,Auto & Vehicles
com.ticketmaster.mobile.android.na,Events
com.fleeteng.spatulago,Business
net.osmand,Travel & Local
com.productmadness.cashmancasino,Casino
com.xiaomi.wearable,Health & Fitness
com.automatize.drive,Auto & Vehicles
com.glazero.android,Communication
com.samsung.android.bixby.ondevice.esus,
com.paycor.perform,Business
com.reincubate.camo,Tools
com.domobile.applock.lite,Tools
com.euchre.solitaire.plus.offline.free.card.games,Card
com.usnaviguide.radar_now,Weather
com.sonos.acr2,Music & Audio
com.culvers.mobile,Food & Drink
com.sortmatch.triple.drop.goods.puzzle,Casual
com.todo1.davivienda.mobileapp.hn,Finance
closet.match.pair.matching.games,Casual
com.theliven.livenhabits,Lifestyle
com.king.petrescuesaga,Casual
com.axiscare,Business
com.bathandbody.bbw,Shopping
com.audiomack,Music & Audio
com.AgainstGravity.RecRoom,Adventure
com.google.android.webview,Tools
com.nstudio.weatherhere.free,Weather
com.xm.csee,Tools
com.scannerradio,News & Magazines
ai.perplexity.app.android,Productivity
com.pdfviewer.forandroid,Tools
com.tssmobile,Tools
com.coolguy.desktoppet,Personalization
com.bubbleshooter.popbubbles.collectcards,Casual
com.partyup.blockjam,Puzzle
com.samsung.android.bixby.service,
com.aloha.browser,Productivity
com.easybrain.hidden.spots,Puzzle
com.weather.nold.forecast,Weather
com.tvg.android,
com.telogis.workplan,Maps & Navigation
com.merge.cooking.theme.restaurant.food,Simulation
com.bryx.bryx911,Medical
com.google.android.apps.work.clouddpc,Tools
com.sportclips.ultimatemvp,Lifestyle
jp.konami.masterduel,Card
com.halla.voicechat,Entertainment
com.mmguardian.childapp,Tools
com.slots.free.vegas.casino.jackpotland,Casino
us.prologs.android,Maps & Navigation
com.breitbart.app,News & Magazines
com.upswing.slots,
providence.nassau.mobile.providencehealth,Medical
com.vgwus.luckylandslots,
com.easybrain.number.sums.puzzle,Puzzle
com.washingtonpost.android,News & Magazines
com.safeway.client.android.jewelosco,Shopping
com.itechnosolut.devicetree,Tools
com.mahalo.androidmobile.ilwu,Finance
com.lyft.android.driver.beta,
com.google.earth,Travel & Local
com.shiftkey.provider,Medical
com.narvii.amino.master,Social
com.appstech.classic,Tools
bbc.mobile.news.ww,News & Magazines
com.peoplefun.wordsearch,Word
com.screwout.nutsjam,Puzzle
org.eduspiresolutions.ehp.app,Education
com.videolite,Video Players & Editors
in.daily_puzzle.crossword,Word
mobi.jackd.android,Social
com.freshbooks.andromeda,Business
mega.privacy.android.app,Productivity
com.ea.game.pvz2_na,Casual
com.greenmushroom.boomblitz.gp,Strategy
hidden.objects.find.it.out.seek.puzzle.games.free,Puzzle
com.healthapplines.android.stepcounter,Health & Fitness
com.erieinsurance.yourturn,Auto & Vehicles
com.komspek.battleme,Music & Audio
com.camelgames.aoz,Strategy
com.pegasustranstech.transflomobileplus.decker,Business
bible.kjvbible.audio.plan.verse,Books & Reference
cellmate.qiui.com,
com.spotio.app,Business
com.tropicalsmoothie.tropicalsmoothiecafe.android.app,Food & Drink
com.statefarm.dssm,Finance
com.softek.ofxclmobile.firstpeoplesccu,Finance
com.noahclient,Books & Reference
com.jb.go.musicplayer.mp3player,
com.ventogames.findthecat,Puzzle
bbl.intl.bambulab.com,Tools
com.hwqgrhhjfd.idlefastfood,Simulation
com.fieldroutes,Business
com.calendar.scheduleplanner.agendaplanner,Productivity
com.funcraft.whamzee,Word
starnest.aitype.aikeyboard.chatbot.chatgpt,Productivity
com.hutchgames.formularacing,Racing
com.williamsinteractive.goldfish,Casino
com.funcraft.yatzypoker,Card
com.cricut.designspace,Lifestyle
com.tenten.app,Social
com.ninjakiwi.bloonstd6,Strategy
com.netmarble.mherosgb,Role Playing
com.dailywire.thedailywire,News & Magazines
com.ozn.busqueuee,Puzzle
com.gm.gmc.nomad.ownership,Lifestyle
com.chrome.beta,Productivity
com.gamesys.ballycasino,Entertainment
com.whalo.games.fishoffortune,Casual
com.olzhas.carparking.multyplayer,Simulation
com.arccosgolf.androidFlagship,Sports
com.king.apps.candysolitaire,Card
com.badger.badgermap,Productivity
com.copart.transportation,Business
com.zynga.gotslots,Casino
com.gameloft.android.ANMP.GloftDYHM,Simulation
app.phantom,Finance
com.exoticmatch.game,Puzzle
com.firstsouth.banking,Finance
com.movtery.zalithlauncher,
com.weplaydots.twodotsandroid,Board
com.happymod.apk,
org.mozilla.firefox.vpn,Tools
com.syf.amazonstorecard,Finance
com.sec.android.app.vepreload,
com.rebtel.android,Communication
com.crisp.release.space,
com.mxdzzus.google,Role Playing
com.wheels.wheels,Business
com.vitastudio.senior.jigsaw,Puzzle
com.wondershare.famisafe.kids,Parenting
com.ripostegames.shopr,Simulation
us.mitene,Parenting
com.abaltatech.wlhostapp,Entertainment
com.puzzle.traffic.parking.jam.bus.out,Puzzle
com.applocker.photovault,Tools
com.sclw.ctronics,Tools
com.microsoft.powerbim,Business
com.primeinc.primemobile,Business
com.garmin.android.apps.gecko,Auto & Vehicles
com.match.android.matchmobile,Dating
com.doradogames.conflictnations.worldwar3,Strategy
com.softek.ofxclmobile.universitycu,Finance
com.fandango.regal,Entertainment
com.mobilefootie.wc2010,Sports
com.kiloo.subwaysurf,Arcade
org.malwarebytes.antimalware,Tools
com.jackpotfriends.slots,Casino
com.vjsjlqvlmp.wearewarriors,Strategy
com.shazam.android,Music & Audio
com.gimica.blockholeclash,Casual
com.blizzard.diablo.immortal,Role Playing
com.YoStarEN.AzurLane,Action
com.doubleTwist.cloudPlayerPro,Music & Audio
com.wnba.centercourt,Sports
com.propdispatch.driverapp,Productivity
com.wejoy.weplay.us,Entertainment
com.zibosmart.vinehome,Tools
com.zynga.farmville3,Simulation
com.wallstopia.hd,Personalization
com.awi.whrp,Sports
com.okampro.oksmart,Tools
